{
  "id": "",
  "name": "",
  "font_family": "iconfont",
  "css_prefix_text": "icon-",
  "description": "",
  "glyphs": [
    {
      "icon_id": "125394279",
      "name": "check",
      "font_class": "check",
      "unicode": "e645",
      "unicode_decimal": 58949
    },
    {
      "icon_id": "125394280",
      "name": "loading",
      "font_class": "loading",
      "unicode": "e64f",
      "unicode_decimal": 58959
    },
    {
      "icon_id": "125394281",
      "name": "search",
      "font_class": "search",
      "unicode": "e65c",
      "unicode_decimal": 58972
    },
    {
      "icon_id": "125394282",
      "name": "warn",
      "font_class": "warn",
      "unicode": "e663",
      "unicode_decimal": 58979
    },
    {
      "icon_id": "125394286",
      "name": "refresh",
      "font_class": "refresh",
      "unicode": "e6a4",
      "unicode_decimal": 59044
    },
    {
      "icon_id": "125394287",
      "name": "add",
      "font_class": "add",
      "unicode": "e6da",
      "unicode_decimal": 59098
    },
    {
      "icon_id": "125394288",
      "name": "share",
      "font_class": "share",
      "unicode": "e6f3",
      "unicode_decimal": 59123
    },
    {
      "icon_id": "125394289",
      "name": "creative",
      "font_class": "creative",
      "unicode": "e719",
      "unicode_decimal": 59161
    },
    {
      "icon_id": "126045653",
      "name": "狗",
      "font_class": "gou",
      "unicode": "e610",
      "unicode_decimal": 58896
    },
    {
      "icon_id": "126045654",
      "name": "猫",
      "font_class": "mao",
      "unicode": "e611",
      "unicode_decimal": 58897
    },
    {
      "icon_id": "125208814",
      "name": "更多",
      "font_class": "gengduo",
      "unicode": "e614",
      "unicode_decimal": 58900
    },
    {
      "icon_id": "125393979",
      "name": "历史",
      "font_class": "lishi",
      "unicode": "e617",
      "unicode_decimal": 58903
    },
    {
      "icon_id": "125393980",
      "name": "查看",
      "font_class": "chakan",
      "unicode": "e618",
      "unicode_decimal": 58904
    },
    {
      "icon_id": "125393982",
      "name": "搜索",
      "font_class": "sousuo",
      "unicode": "e61b",
      "unicode_decimal": 58907
    },
    {
      "icon_id": "125208815",
      "name": "消息",
      "font_class": "xiaoxi",
      "unicode": "e61a",
      "unicode_decimal": 58906
    },
    {
      "icon_id": "125393987",
      "name": "错误",
      "font_class": "cuowu",
      "unicode": "e631",
      "unicode_decimal": 58929
    },
    {
      "icon_id": "125393988",
      "name": "编辑",
      "font_class": "bianji",
      "unicode": "e632",
      "unicode_decimal": 58930
    },
    {
      "icon_id": "125393989",
      "name": "前翻",
      "font_class": "qianfan",
      "unicode": "e634",
      "unicode_decimal": 58932
    },
    {
      "icon_id": "126046008",
      "name": "返回",
      "font_class": "fanhui",
      "unicode": "e603",
      "unicode_decimal": 58883
    },
    {
      "icon_id": "126046009",
      "name": "定向",
      "font_class": "dingxiang",
      "unicode": "e604",
      "unicode_decimal": 58884
    },
    {
      "icon_id": "126046012",
      "name": "选中",
      "font_class": "xuanzhong",
      "unicode": "e607",
      "unicode_decimal": 58887
    },
    {
      "icon_id": "126046013",
      "name": "未选中",
      "font_class": "weixuanzhong",
      "unicode": "e608",
      "unicode_decimal": 58888
    },
    {
      "icon_id": "126046014",
      "name": "向下",
      "font_class": "xiangxia",
      "unicode": "e609",
      "unicode_decimal": 58889
    },
    {
      "icon_id": "126046015",
      "name": "向上",
      "font_class": "xiangshang",
      "unicode": "e60a",
      "unicode_decimal": 58890
    },
    {
      "icon_id": "126046016",
      "name": "警告",
      "font_class": "jinggao",
      "unicode": "e60b",
      "unicode_decimal": 58891
    },
    {
      "icon_id": "126046017",
      "name": "新建",
      "font_class": "xinjian",
      "unicode": "e60c",
      "unicode_decimal": 58892
    }
  ]
}
