<?xml version="1.0" encoding="UTF-8"?>
<!DOCTYPE mapper
        PUBLIC "-//mybatis.org//DTD Mapper 3.0//EN"
        "http://mybatis.org/dtd/mybatis-3-mapper.dtd">
<mapper namespace="com.example.cute_pet.mapper.CommentMapper">

    <resultMap id="BaseResultMap" type="com.example.cute_pet.domain.Comment">
            <id property="id" column="id" jdbcType="INTEGER"/>
            <result property="content" column="content" jdbcType="VARCHAR"/>
            <result property="topicId" column="topic_id" jdbcType="INTEGER"/>
            <result property="petId" column="pet_id" jdbcType="INTEGER"/>
            <result property="userId" column="user_id" jdbcType="INTEGER"/>
            <result property="level" column="level" jdbcType="INTEGER"/>
            <result property="parentId" column="parent_id" jdbcType="INTEGER"/>
            <result property="rootId" column="root_id" jdbcType="INTEGER"/>
            <result property="createTime" column="create_time" jdbcType="TIMESTAMP"/>
            <result property="status" column="status" jdbcType="INTEGER"/>
    </resultMap>

    <sql id="Base_Column_List">
        id,content,topic_id,
        pet_id,user_id,level,
        parent_id,root_id,create_time,
        status
    </sql>
</mapper>
