<?xml version="1.0" encoding="UTF-8"?>
<!DOCTYPE mapper
        PUBLIC "-//mybatis.org//DTD Mapper 3.0//EN"
        "http://mybatis.org/dtd/mybatis-3-mapper.dtd">
<mapper namespace="com.example.cute_pet.mapper.TopicMapper">

    <resultMap id="BaseResultMap" type="com.example.cute_pet.domain.Topic">
            <id property="id" column="id" jdbcType="INTEGER"/>
            <result property="userId" column="user_id" jdbcType="INTEGER"/>
            <result property="title" column="title" jdbcType="VARCHAR"/>
            <result property="content" column="content" jdbcType="VARCHAR"/>
            <result property="classify" column="classify" jdbcType="VARCHAR"/>
            <result property="allow" column="allow" jdbcType="INTEGER"/>
            <result property="viewed" column="viewed" jdbcType="INTEGER"/>
            <result property="status" column="status" jdbcType="INTEGER"/>
            <result property="createTime" column="create_time" jdbcType="TIMESTAMP"/>
    </resultMap>

    <sql id="Base_Column_List">
        id,user_id,title,
        content,classify,allow,
        viewed,status,create_time
    </sql>
</mapper>
