{
  "id": "3725362",
  "name": "ve-plus",
  "font_family": "iconfont",
  "css_prefix_text": "ve-icon-",
  "description": "",
  "glyphs": [
    {
      "icon_id": "7155296",
      "name": "关于我们",
      "font_class": "about",
      "unicode": "e654",
      "unicode_decimal": 58964
    },
    {
      "icon_id": "15149525",
      "name": "_钉子",
      "font_class": "pin",
      "unicode": "e659",
      "unicode_decimal": 58969
    },
    {
      "icon_id": "6010917",
      "name": "新增",
      "font_class": "addfiletext",
      "unicode": "e61b",
      "unicode_decimal": 58907
    },
    {
      "icon_id": "17938955",
      "name": "新增添加",
      "font_class": "addnote",
      "unicode": "e61c",
      "unicode_decimal": 58908
    },
    {
      "icon_id": "34997107",
      "name": "夜晚",
      "font_class": "yewan",
      "unicode": "e67e",
      "unicode_decimal": 59006
    },
    {
      "icon_id": "1299762",
      "name": "Minimize-1",
      "font_class": "minimize",
      "unicode": "e65b",
      "unicode_decimal": 58971
    },
    {
      "icon_id": "1299794",
      "name": "Maximize-1",
      "font_class": "maximize",
      "unicode": "e65d",
      "unicode_decimal": 58973
    },
    {
      "icon_id": "1306794",
      "name": "Maximize-3",
      "font_class": "maxrestore",
      "unicode": "e692",
      "unicode_decimal": 59026
    },
    {
      "icon_id": "33987167",
      "name": "编辑",
      "font_class": "bianji",
      "unicode": "e621",
      "unicode_decimal": 58913
    },
    {
      "icon_id": "396197",
      "name": "最大化",
      "font_class": "restore",
      "unicode": "e617",
      "unicode_decimal": 58903
    },
    {
      "icon_id": "3546187",
      "name": "语音",
      "font_class": "yuyin1",
      "unicode": "e607",
      "unicode_decimal": 58887
    },
    {
      "icon_id": "8361763",
      "name": "发送",
      "font_class": "submit",
      "unicode": "e6bd",
      "unicode_decimal": 59069
    },
    {
      "icon_id": "10605731",
      "name": "密码",
      "font_class": "mima",
      "unicode": "e66d",
      "unicode_decimal": 58989
    },
    {
      "icon_id": "12753044",
      "name": "添加图片",
      "font_class": "image",
      "unicode": "e62c",
      "unicode_decimal": 58924
    },
    {
      "icon_id": "5666441",
      "name": "语音",
      "font_class": "audio",
      "unicode": "e618",
      "unicode_decimal": 58904
    },
    {
      "icon_id": "11502304",
      "name": "语音",
      "font_class": "yuyin",
      "unicode": "e672",
      "unicode_decimal": 58994
    },
    {
      "icon_id": "1517569",
      "name": "点点",
      "font_class": "dots",
      "unicode": "e653",
      "unicode_decimal": 58963
    },
    {
      "icon_id": "9495532",
      "name": "图片",
      "font_class": "photo",
      "unicode": "e62f",
      "unicode_decimal": 58927
    },
    {
      "icon_id": "12626864",
      "name": "点点",
      "font_class": "vdots",
      "unicode": "e93e",
      "unicode_decimal": 59710
    },
    {
      "icon_id": "15346608",
      "name": "设置",
      "font_class": "filter2",
      "unicode": "e6a9",
      "unicode_decimal": 59049
    },
    {
      "icon_id": "25555518",
      "name": "清除",
      "font_class": "clean",
      "unicode": "e72e",
      "unicode_decimal": 59182
    },
    {
      "icon_id": "25555523",
      "name": "暗黑模式",
      "font_class": "dark",
      "unicode": "e72f",
      "unicode_decimal": 59183
    },
    {
      "icon_id": "25555562",
      "name": "多语言",
      "font_class": "language",
      "unicode": "e734",
      "unicode_decimal": 59188
    },
    {
      "icon_id": "25555565",
      "name": "模板参数",
      "font_class": "layers-o",
      "unicode": "e736",
      "unicode_decimal": 59190
    },
    {
      "icon_id": "25555591",
      "name": "发布",
      "font_class": "send-o",
      "unicode": "e73b",
      "unicode_decimal": 59195
    },
    {
      "icon_id": "25555594",
      "name": "设置",
      "font_class": "settings-o",
      "unicode": "e73c",
      "unicode_decimal": 59196
    },
    {
      "icon_id": "25670468",
      "name": "明亮模式",
      "font_class": "sunny",
      "unicode": "e748",
      "unicode_decimal": 59208
    },
    {
      "icon_id": "4781911",
      "name": "关闭",
      "font_class": "guanbi",
      "unicode": "e767",
      "unicode_decimal": 59239
    },
    {
      "icon_id": "20797375",
      "name": "上下移动",
      "font_class": "scaleY",
      "unicode": "e6c9",
      "unicode_decimal": 59081
    },
    {
      "icon_id": "20797382",
      "name": "左右移动",
      "font_class": "scaleX",
      "unicode": "e6ca",
      "unicode_decimal": 59082
    },
    {
      "icon_id": "16731255",
      "name": "初始化",
      "font_class": "reset",
      "unicode": "e604",
      "unicode_decimal": 58884
    },
    {
      "icon_id": "24267230",
      "name": "播放-上一个",
      "font_class": "prev",
      "unicode": "e68b",
      "unicode_decimal": 59019
    },
    {
      "icon_id": "24267259",
      "name": "播放-下一个",
      "font_class": "next",
      "unicode": "e68d",
      "unicode_decimal": 59021
    },
    {
      "icon_id": "24267598",
      "name": "放大镜1-线型",
      "font_class": "zoomBig",
      "unicode": "e6ac",
      "unicode_decimal": 59052
    },
    {
      "icon_id": "24267599",
      "name": "放大镜2-线型",
      "font_class": "zoomSmall",
      "unicode": "e6ad",
      "unicode_decimal": 59053
    },
    {
      "icon_id": "24268675",
      "name": "图片2-面型",
      "font_class": "imgerr",
      "unicode": "e6fd",
      "unicode_decimal": 59133
    },
    {
      "icon_id": "24268695",
      "name": "下载5",
      "font_class": "downfile",
      "unicode": "e6ff",
      "unicode_decimal": 59135
    },
    {
      "icon_id": "5831339",
      "name": "逆时针旋转",
      "font_class": "rotateLeft",
      "unicode": "e65a",
      "unicode_decimal": 58970
    },
    {
      "icon_id": "5831342",
      "name": "顺时针旋转",
      "font_class": "rotateRight",
      "unicode": "e65c",
      "unicode_decimal": 58972
    },
    {
      "icon_id": "34396291",
      "name": "收起",
      "font_class": "shouqi",
      "unicode": "e619",
      "unicode_decimal": 58905
    },
    {
      "icon_id": "34396323",
      "name": "全屏",
      "font_class": "quanping",
      "unicode": "e61a",
      "unicode_decimal": 58906
    },
    {
      "icon_id": "26315517",
      "name": "排序",
      "font_class": "paixu",
      "unicode": "e610",
      "unicode_decimal": 58896
    },
    {
      "icon_id": "26315523",
      "name": "向上",
      "font_class": "xiangshang",
      "unicode": "e611",
      "unicode_decimal": 58897
    },
    {
      "icon_id": "26315524",
      "name": "向下",
      "font_class": "xiangxia",
      "unicode": "e612",
      "unicode_decimal": 58898
    },
    {
      "icon_id": "26315525",
      "name": "全屏",
      "font_class": "full",
      "unicode": "e613",
      "unicode_decimal": 58899
    },
    {
      "icon_id": "26315527",
      "name": "收起列",
      "font_class": "collapse",
      "unicode": "e614",
      "unicode_decimal": 58900
    },
    {
      "icon_id": "26315528",
      "name": "下拉",
      "font_class": "xiala",
      "unicode": "e615",
      "unicode_decimal": 58901
    },
    {
      "icon_id": "26315539",
      "name": "全屏退出",
      "font_class": "unfull",
      "unicode": "e616",
      "unicode_decimal": 58902
    },
    {
      "icon_id": "1469204",
      "name": "enter",
      "font_class": "enter",
      "unicode": "e872",
      "unicode_decimal": 59506
    },
    {
      "icon_id": "1469205",
      "name": "enviroment",
      "font_class": "enviroment",
      "unicode": "e873",
      "unicode_decimal": 59507
    },
    {
      "icon_id": "1469206",
      "name": "enviroment-o",
      "font_class": "enviroment-o",
      "unicode": "e874",
      "unicode_decimal": 59508
    },
    {
      "icon_id": "1469207",
      "name": "exclamation-circle-o",
      "font_class": "exclamation-circle-o",
      "unicode": "e875",
      "unicode_decimal": 59509
    },
    {
      "icon_id": "1469208",
      "name": "exclamation-circle",
      "font_class": "exclamation-circle",
      "unicode": "e876",
      "unicode_decimal": 59510
    },
    {
      "icon_id": "1469209",
      "name": "exception",
      "font_class": "exception",
      "unicode": "e877",
      "unicode_decimal": 59511
    },
    {
      "icon_id": "1469211",
      "name": "export",
      "font_class": "export1",
      "unicode": "e878",
      "unicode_decimal": 59512
    },
    {
      "icon_id": "1469212",
      "name": "exclefile",
      "font_class": "exclefile",
      "unicode": "e879",
      "unicode_decimal": 59513
    },
    {
      "icon_id": "1469213",
      "name": "export2",
      "font_class": "export2",
      "unicode": "e87a",
      "unicode_decimal": 59514
    },
    {
      "icon_id": "1469214",
      "name": "eye-o",
      "font_class": "eye-o",
      "unicode": "e87b",
      "unicode_decimal": 59515
    },
    {
      "icon_id": "1469217",
      "name": "eye",
      "font_class": "eye2",
      "unicode": "e87c",
      "unicode_decimal": 59516
    },
    {
      "icon_id": "1469218",
      "name": "file",
      "font_class": "fileplain",
      "unicode": "e87d",
      "unicode_decimal": 59517
    },
    {
      "icon_id": "1469219",
      "name": "filetext",
      "font_class": "filetext",
      "unicode": "e87e",
      "unicode_decimal": 59518
    },
    {
      "icon_id": "1469220",
      "name": "filter",
      "font_class": "filter1",
      "unicode": "e87f",
      "unicode_decimal": 59519
    },
    {
      "icon_id": "1469221",
      "name": "folder",
      "font_class": "folder",
      "unicode": "e880",
      "unicode_decimal": 59520
    },
    {
      "icon_id": "1469222",
      "name": "folderopen",
      "font_class": "folderopen",
      "unicode": "e881",
      "unicode_decimal": 59521
    },
    {
      "icon_id": "1469224",
      "name": "frown-o",
      "font_class": "frown-o",
      "unicode": "e882",
      "unicode_decimal": 59522
    },
    {
      "icon_id": "1469225",
      "name": "github",
      "font_class": "github",
      "unicode": "e883",
      "unicode_decimal": 59523
    },
    {
      "icon_id": "1469226",
      "name": "frown",
      "font_class": "frown",
      "unicode": "e884",
      "unicode_decimal": 59524
    },
    {
      "icon_id": "1469227",
      "name": "hdd",
      "font_class": "hdd",
      "unicode": "e885",
      "unicode_decimal": 59525
    },
    {
      "icon_id": "1469228",
      "name": "heart-o",
      "font_class": "heart-o",
      "unicode": "e886",
      "unicode_decimal": 59526
    },
    {
      "icon_id": "1469229",
      "name": "heart",
      "font_class": "heart1",
      "unicode": "e887",
      "unicode_decimal": 59527
    },
    {
      "icon_id": "1469230",
      "name": "inbox",
      "font_class": "inbox",
      "unicode": "e888",
      "unicode_decimal": 59528
    },
    {
      "icon_id": "1469231",
      "name": "ie",
      "font_class": "ie",
      "unicode": "e889",
      "unicode_decimal": 59529
    },
    {
      "icon_id": "1469233",
      "name": "info-cirlce",
      "font_class": "info-cirlce",
      "unicode": "e88a",
      "unicode_decimal": 59530
    },
    {
      "icon_id": "1469234",
      "name": "info-cirlce-o",
      "font_class": "info-cirlce-o",
      "unicode": "e88b",
      "unicode_decimal": 59531
    },
    {
      "icon_id": "1469236",
      "name": "left-circle-o",
      "font_class": "left-circle-o",
      "unicode": "e88c",
      "unicode_decimal": 59532
    },
    {
      "icon_id": "1469237",
      "name": "jpgfile",
      "font_class": "jpgfile",
      "unicode": "e88d",
      "unicode_decimal": 59533
    },
    {
      "icon_id": "1469238",
      "name": "laptop",
      "font_class": "laptop1",
      "unicode": "e88e",
      "unicode_decimal": 59534
    },
    {
      "icon_id": "1469239",
      "name": "left-square",
      "font_class": "left-square",
      "unicode": "e88f",
      "unicode_decimal": 59535
    },
    {
      "icon_id": "1469240",
      "name": "left-circle",
      "font_class": "left-circle",
      "unicode": "e890",
      "unicode_decimal": 59536
    },
    {
      "icon_id": "1469241",
      "name": "left-square-o",
      "font_class": "left-square-o",
      "unicode": "e891",
      "unicode_decimal": 59537
    },
    {
      "icon_id": "1469242",
      "name": "left",
      "font_class": "left",
      "unicode": "e892",
      "unicode_decimal": 59538
    },
    {
      "icon_id": "1469243",
      "name": "like_fill",
      "font_class": "like1",
      "unicode": "e893",
      "unicode_decimal": 59539
    },
    {
      "icon_id": "1469245",
      "name": "linechart",
      "font_class": "linechart",
      "unicode": "e894",
      "unicode_decimal": 59540
    },
    {
      "icon_id": "1469247",
      "name": "loading1",
      "font_class": "loading",
      "unicode": "e895",
      "unicode_decimal": 59541
    },
    {
      "icon_id": "1469249",
      "name": "lock",
      "font_class": "lock",
      "unicode": "e897",
      "unicode_decimal": 59543
    },
    {
      "icon_id": "1469252",
      "name": "meho",
      "font_class": "meho",
      "unicode": "e89a",
      "unicode_decimal": 59546
    },
    {
      "icon_id": "1469253",
      "name": "meh",
      "font_class": "meh",
      "unicode": "e89b",
      "unicode_decimal": 59547
    },
    {
      "icon_id": "1469254",
      "name": "menufold",
      "font_class": "menufold",
      "unicode": "e89c",
      "unicode_decimal": 59548
    },
    {
      "icon_id": "1469255",
      "name": "menuunfold",
      "font_class": "menuunfold",
      "unicode": "e89d",
      "unicode_decimal": 59549
    },
    {
      "icon_id": "1469256",
      "name": "minus-circle-o",
      "font_class": "minus-circle-o",
      "unicode": "e89e",
      "unicode_decimal": 59550
    },
    {
      "icon_id": "1469257",
      "name": "minus-square-o",
      "font_class": "minus-square-o",
      "unicode": "e89f",
      "unicode_decimal": 59551
    },
    {
      "icon_id": "1469258",
      "name": "minus-circle",
      "font_class": "minus-circle",
      "unicode": "e8a0",
      "unicode_decimal": 59552
    },
    {
      "icon_id": "1469260",
      "name": "minus-square",
      "font_class": "minus-square",
      "unicode": "e8a2",
      "unicode_decimal": 59554
    },
    {
      "icon_id": "1469262",
      "name": "mobile",
      "font_class": "mobile1",
      "unicode": "e8a4",
      "unicode_decimal": 59556
    },
    {
      "icon_id": "1469263",
      "name": "paperclip",
      "font_class": "paperclip",
      "unicode": "e8a5",
      "unicode_decimal": 59557
    },
    {
      "icon_id": "1469264",
      "name": "notification",
      "font_class": "notification1",
      "unicode": "e8a6",
      "unicode_decimal": 59558
    },
    {
      "icon_id": "1469265",
      "name": "pause-circle",
      "font_class": "pause-circle",
      "unicode": "e8a7",
      "unicode_decimal": 59559
    },
    {
      "icon_id": "1469266",
      "name": "pause-circle-o",
      "font_class": "pause-circle-o",
      "unicode": "e8a8",
      "unicode_decimal": 59560
    },
    {
      "icon_id": "1469268",
      "name": "pay-circle",
      "font_class": "pay-circle",
      "unicode": "e8a9",
      "unicode_decimal": 59561
    },
    {
      "icon_id": "1469269",
      "name": "pay-circle-o",
      "font_class": "pay-circle-o",
      "unicode": "e8aa",
      "unicode_decimal": 59562
    },
    {
      "icon_id": "1469270",
      "name": "pen",
      "font_class": "pen",
      "unicode": "e8ab",
      "unicode_decimal": 59563
    },
    {
      "icon_id": "1469271",
      "name": "pdffile",
      "font_class": "pdffile",
      "unicode": "e8ac",
      "unicode_decimal": 59564
    },
    {
      "icon_id": "1469274",
      "name": "piechart",
      "font_class": "piechart",
      "unicode": "e8af",
      "unicode_decimal": 59567
    },
    {
      "icon_id": "1469275",
      "name": "play",
      "font_class": "play",
      "unicode": "e8b0",
      "unicode_decimal": 59568
    },
    {
      "icon_id": "1469276",
      "name": "play-circle-o",
      "font_class": "play-circle-o",
      "unicode": "e8b1",
      "unicode_decimal": 59569
    },
    {
      "icon_id": "1469277",
      "name": "plus-circle-o",
      "font_class": "plus-circle-o",
      "unicode": "e8b2",
      "unicode_decimal": 59570
    },
    {
      "icon_id": "1469278",
      "name": "plus-square-o",
      "font_class": "plus-square-o",
      "unicode": "e8b3",
      "unicode_decimal": 59571
    },
    {
      "icon_id": "1469279",
      "name": "plus-circle",
      "font_class": "plus-circle",
      "unicode": "e8b4",
      "unicode_decimal": 59572
    },
    {
      "icon_id": "1469280",
      "name": "plus",
      "font_class": "plus1",
      "unicode": "e8b5",
      "unicode_decimal": 59573
    },
    {
      "icon_id": "1469282",
      "name": "poweroff",
      "font_class": "poweroff",
      "unicode": "e8b6",
      "unicode_decimal": 59574
    },
    {
      "icon_id": "1469283",
      "name": "plus-square",
      "font_class": "plus-square",
      "unicode": "e8b7",
      "unicode_decimal": 59575
    },
    {
      "icon_id": "1469284",
      "name": "pushpin",
      "font_class": "pushpin",
      "unicode": "e8b8",
      "unicode_decimal": 59576
    },
    {
      "icon_id": "1469285",
      "name": "pushpin-o",
      "font_class": "pushpin-o",
      "unicode": "e8b9",
      "unicode_decimal": 59577
    },
    {
      "icon_id": "1469286",
      "name": "reload",
      "font_class": "reload1",
      "unicode": "e8ba",
      "unicode_decimal": 59578
    },
    {
      "icon_id": "1469287",
      "name": "question-circle-o",
      "font_class": "question-circle-o",
      "unicode": "e8bb",
      "unicode_decimal": 59579
    },
    {
      "icon_id": "1469288",
      "name": "question-circle",
      "font_class": "question-circle",
      "unicode": "e8bc",
      "unicode_decimal": 59580
    },
    {
      "icon_id": "1469290",
      "name": "qrcode",
      "font_class": "qrcode",
      "unicode": "e8bd",
      "unicode_decimal": 59581
    },
    {
      "icon_id": "1469291",
      "name": "retweet",
      "font_class": "retweet",
      "unicode": "e8be",
      "unicode_decimal": 59582
    },
    {
      "icon_id": "1469292",
      "name": "right-circle",
      "font_class": "right-circle",
      "unicode": "e8bf",
      "unicode_decimal": 59583
    },
    {
      "icon_id": "1469293",
      "name": "right-circle-o",
      "font_class": "right-circle-o",
      "unicode": "e8c0",
      "unicode_decimal": 59584
    },
    {
      "icon_id": "1469294",
      "name": "right-square-o",
      "font_class": "right-square-o",
      "unicode": "e8c1",
      "unicode_decimal": 59585
    },
    {
      "icon_id": "1469295",
      "name": "right-square",
      "font_class": "right-square",
      "unicode": "e8c2",
      "unicode_decimal": 59586
    },
    {
      "icon_id": "1469296",
      "name": "rollback",
      "font_class": "rollback",
      "unicode": "e8c3",
      "unicode_decimal": 59587
    },
    {
      "icon_id": "1469297",
      "name": "right",
      "font_class": "right",
      "unicode": "e8c4",
      "unicode_decimal": 59588
    },
    {
      "icon_id": "1469299",
      "name": "save",
      "font_class": "save",
      "unicode": "e8c6",
      "unicode_decimal": 59590
    },
    {
      "icon_id": "1469300",
      "name": "shoppingcart",
      "font_class": "shoppingcart",
      "unicode": "e8c7",
      "unicode_decimal": 59591
    },
    {
      "icon_id": "1469301",
      "name": "scan",
      "font_class": "scan",
      "unicode": "e8c8",
      "unicode_decimal": 59592
    },
    {
      "icon_id": "1469302",
      "name": "shrink",
      "font_class": "shrink",
      "unicode": "e8c9",
      "unicode_decimal": 59593
    },
    {
      "icon_id": "1469303",
      "name": "sharealt",
      "font_class": "sharealt",
      "unicode": "e8ca",
      "unicode_decimal": 59594
    },
    {
      "icon_id": "1469304",
      "name": "setting",
      "font_class": "setting",
      "unicode": "e8cb",
      "unicode_decimal": 59595
    },
    {
      "icon_id": "1469305",
      "name": "smile",
      "font_class": "smile1",
      "unicode": "e8cc",
      "unicode_decimal": 59596
    },
    {
      "icon_id": "1469306",
      "name": "smile-o",
      "font_class": "smile-o",
      "unicode": "e8cd",
      "unicode_decimal": 59597
    },
    {
      "icon_id": "1469307",
      "name": "star-o",
      "font_class": "star-o",
      "unicode": "e8ce",
      "unicode_decimal": 59598
    },
    {
      "icon_id": "1469308",
      "name": "solution",
      "font_class": "solution",
      "unicode": "e8cf",
      "unicode_decimal": 59599
    },
    {
      "icon_id": "1469309",
      "name": "star",
      "font_class": "star",
      "unicode": "e8d0",
      "unicode_decimal": 59600
    },
    {
      "icon_id": "1469310",
      "name": "stepforward",
      "font_class": "stepforward",
      "unicode": "e8d1",
      "unicode_decimal": 59601
    },
    {
      "icon_id": "1469311",
      "name": "stepbackward",
      "font_class": "stepbackward",
      "unicode": "e8d2",
      "unicode_decimal": 59602
    },
    {
      "icon_id": "1469312",
      "name": "swap",
      "font_class": "swap",
      "unicode": "e8d3",
      "unicode_decimal": 59603
    },
    {
      "icon_id": "1469313",
      "name": "swapleft",
      "font_class": "swapleft",
      "unicode": "e8d4",
      "unicode_decimal": 59604
    },
    {
      "icon_id": "1469314",
      "name": "tag-o",
      "font_class": "tag-o",
      "unicode": "e8d5",
      "unicode_decimal": 59605
    },
    {
      "icon_id": "1469315",
      "name": "tablet",
      "font_class": "tablet",
      "unicode": "e8d6",
      "unicode_decimal": 59606
    },
    {
      "icon_id": "1469316",
      "name": "swapright",
      "font_class": "swapright",
      "unicode": "e8d7",
      "unicode_decimal": 59607
    },
    {
      "icon_id": "1469317",
      "name": "tag",
      "font_class": "tag1",
      "unicode": "e8d8",
      "unicode_decimal": 59608
    },
    {
      "icon_id": "1469318",
      "name": "tags",
      "font_class": "tags",
      "unicode": "e8d9",
      "unicode_decimal": 59609
    },
    {
      "icon_id": "1469319",
      "name": "tagso",
      "font_class": "tagso",
      "unicode": "e8da",
      "unicode_decimal": 59610
    },
    {
      "icon_id": "1029901",
      "name": "rest",
      "font_class": "rest",
      "unicode": "e733",
      "unicode_decimal": 59187
    },
    {
      "icon_id": "1469320",
      "name": "team",
      "font_class": "team",
      "unicode": "e8db",
      "unicode_decimal": 59611
    },
    {
      "icon_id": "1029903",
      "name": "search",
      "font_class": "search",
      "unicode": "e735",
      "unicode_decimal": 59189
    },
    {
      "icon_id": "1469321",
      "name": "totop",
      "font_class": "totop",
      "unicode": "e8dc",
      "unicode_decimal": 59612
    },
    {
      "icon_id": "1029905",
      "name": "smile",
      "font_class": "smile",
      "unicode": "e737",
      "unicode_decimal": 59191
    },
    {
      "icon_id": "1469322",
      "name": "unlock",
      "font_class": "unlock",
      "unicode": "e8dd",
      "unicode_decimal": 59613
    },
    {
      "icon_id": "1029906",
      "name": "tag",
      "font_class": "tag",
      "unicode": "e738",
      "unicode_decimal": 59192
    },
    {
      "icon_id": "1469324",
      "name": "up-circle-o",
      "font_class": "up-circle-o",
      "unicode": "e8de",
      "unicode_decimal": 59614
    },
    {
      "icon_id": "1029908",
      "name": "top",
      "font_class": "top",
      "unicode": "e73a",
      "unicode_decimal": 59194
    },
    {
      "icon_id": "1469325",
      "name": "up-circle",
      "font_class": "up-circle",
      "unicode": "e8df",
      "unicode_decimal": 59615
    },
    {
      "icon_id": "1029912",
      "name": "user",
      "font_class": "user",
      "unicode": "e73e",
      "unicode_decimal": 59198
    },
    {
      "icon_id": "1469326",
      "name": "up-square-o",
      "font_class": "up-square-o",
      "unicode": "e8e0",
      "unicode_decimal": 59616
    },
    {
      "icon_id": "1029914",
      "name": "link",
      "font_class": "link",
      "unicode": "e740",
      "unicode_decimal": 59200
    },
    {
      "icon_id": "1469327",
      "name": "up-square",
      "font_class": "up-square",
      "unicode": "e8e1",
      "unicode_decimal": 59617
    },
    {
      "icon_id": "1029916",
      "name": "logout",
      "font_class": "logout",
      "unicode": "e742",
      "unicode_decimal": 59202
    },
    {
      "icon_id": "1469328",
      "name": "up",
      "font_class": "up",
      "unicode": "e8e2",
      "unicode_decimal": 59618
    },
    {
      "icon_id": "1029917",
      "name": "mail",
      "font_class": "mail",
      "unicode": "e743",
      "unicode_decimal": 59203
    },
    {
      "icon_id": "1469329",
      "name": "verticleleft",
      "font_class": "verticleleft",
      "unicode": "e8e3",
      "unicode_decimal": 59619
    },
    {
      "icon_id": "1029918",
      "name": "minus",
      "font_class": "minus",
      "unicode": "e744",
      "unicode_decimal": 59204
    },
    {
      "icon_id": "1029919",
      "name": "mobile",
      "font_class": "mobile",
      "unicode": "e745",
      "unicode_decimal": 59205
    },
    {
      "icon_id": "1469331",
      "name": "upload",
      "font_class": "upload",
      "unicode": "e8e5",
      "unicode_decimal": 59621
    },
    {
      "icon_id": "1029920",
      "name": "note",
      "font_class": "note",
      "unicode": "e746",
      "unicode_decimal": 59206
    },
    {
      "icon_id": "1469334",
      "name": "windows-o",
      "font_class": "windows-o",
      "unicode": "e8e6",
      "unicode_decimal": 59622
    },
    {
      "icon_id": "1029921",
      "name": "notification",
      "font_class": "notification",
      "unicode": "e747",
      "unicode_decimal": 59207
    },
    {
      "icon_id": "1469335",
      "name": "windows",
      "font_class": "windows",
      "unicode": "e8e7",
      "unicode_decimal": 59623
    },
    {
      "icon_id": "1029924",
      "name": "picture",
      "font_class": "picture",
      "unicode": "e749",
      "unicode_decimal": 59209
    },
    {
      "icon_id": "1469336",
      "name": "wordfile",
      "font_class": "wordfile",
      "unicode": "e8e8",
      "unicode_decimal": 59624
    },
    {
      "icon_id": "1029925",
      "name": "place",
      "font_class": "place",
      "unicode": "e74a",
      "unicode_decimal": 59210
    },
    {
      "icon_id": "1481015",
      "name": "note_fill",
      "font_class": "note_fill",
      "unicode": "e8e9",
      "unicode_decimal": 59625
    },
    {
      "icon_id": "1029926",
      "name": "plus",
      "font_class": "plus",
      "unicode": "e74b",
      "unicode_decimal": 59211
    },
    {
      "icon_id": "1481016",
      "name": "mail_fill",
      "font_class": "mail_fill",
      "unicode": "e8ea",
      "unicode_decimal": 59626
    },
    {
      "icon_id": "1029946",
      "name": "edit",
      "font_class": "edit",
      "unicode": "e74c",
      "unicode_decimal": 59212
    },
    {
      "icon_id": "1481017",
      "name": "export_fill",
      "font_class": "export_fill",
      "unicode": "e8eb",
      "unicode_decimal": 59627
    },
    {
      "icon_id": "1029947",
      "name": "ellipsis",
      "font_class": "ellipsis",
      "unicode": "e74d",
      "unicode_decimal": 59213
    },
    {
      "icon_id": "1029948",
      "name": "export",
      "font_class": "export",
      "unicode": "e74e",
      "unicode_decimal": 59214
    },
    {
      "icon_id": "1029949",
      "name": "express",
      "font_class": "express",
      "unicode": "e74f",
      "unicode_decimal": 59215
    },
    {
      "icon_id": "1029950",
      "name": "eye",
      "font_class": "eye",
      "unicode": "e750",
      "unicode_decimal": 59216
    },
    {
      "icon_id": "1490211",
      "name": "edit",
      "font_class": "edit1",
      "unicode": "e8ef",
      "unicode_decimal": 59631
    },
    {
      "icon_id": "1029951",
      "name": "file",
      "font_class": "file",
      "unicode": "e751",
      "unicode_decimal": 59217
    },
    {
      "icon_id": "1491961",
      "name": "addfile",
      "font_class": "addfile",
      "unicode": "e8f0",
      "unicode_decimal": 59632
    },
    {
      "icon_id": "1029952",
      "name": "filter",
      "font_class": "filter",
      "unicode": "e752",
      "unicode_decimal": 59218
    },
    {
      "icon_id": "1491962",
      "name": "bulb",
      "font_class": "bulb",
      "unicode": "e8f1",
      "unicode_decimal": 59633
    },
    {
      "icon_id": "1029955",
      "name": "history",
      "font_class": "history",
      "unicode": "e755",
      "unicode_decimal": 59221
    },
    {
      "icon_id": "1491964",
      "name": "addfolder",
      "font_class": "addfolder",
      "unicode": "e8f2",
      "unicode_decimal": 59634
    },
    {
      "icon_id": "1029956",
      "name": "home",
      "font_class": "home",
      "unicode": "e756",
      "unicode_decimal": 59222
    },
    {
      "icon_id": "1526595",
      "name": "id",
      "font_class": "id",
      "unicode": "e8f3",
      "unicode_decimal": 59635
    },
    {
      "icon_id": "1029957",
      "name": "info",
      "font_class": "info",
      "unicode": "e757",
      "unicode_decimal": 59223
    },
    {
      "icon_id": "1526596",
      "name": "card",
      "font_class": "card",
      "unicode": "e8f4",
      "unicode_decimal": 59636
    },
    {
      "icon_id": "1029958",
      "name": "laptop",
      "font_class": "laptop",
      "unicode": "e758",
      "unicode_decimal": 59224
    },
    {
      "icon_id": "1029974",
      "name": "appstore",
      "font_class": "appstore",
      "unicode": "e75a",
      "unicode_decimal": 59226
    },
    {
      "icon_id": "1029976",
      "name": "calender",
      "font_class": "calender",
      "unicode": "e75c",
      "unicode_decimal": 59228
    },
    {
      "icon_id": "1526600",
      "name": "plugin",
      "font_class": "plugin",
      "unicode": "e8f7",
      "unicode_decimal": 59639
    },
    {
      "icon_id": "1029977",
      "name": "change",
      "font_class": "change",
      "unicode": "e75d",
      "unicode_decimal": 59229
    },
    {
      "icon_id": "1029978",
      "name": "chart",
      "font_class": "chart",
      "unicode": "e75e",
      "unicode_decimal": 59230
    },
    {
      "icon_id": "1526604",
      "name": "menu",
      "font_class": "menu",
      "unicode": "e8f9",
      "unicode_decimal": 59641
    },
    {
      "icon_id": "1029979",
      "name": "check",
      "font_class": "check",
      "unicode": "e75f",
      "unicode_decimal": 59231
    },
    {
      "icon_id": "1526605",
      "name": "reload",
      "font_class": "reload2",
      "unicode": "e8fa",
      "unicode_decimal": 59642
    },
    {
      "icon_id": "1029980",
      "name": "clip",
      "font_class": "clip",
      "unicode": "e760",
      "unicode_decimal": 59232
    },
    {
      "icon_id": "1029981",
      "name": "clock",
      "font_class": "clock",
      "unicode": "e761",
      "unicode_decimal": 59233
    },
    {
      "icon_id": "1597017",
      "name": "setting_fill",
      "font_class": "setting_fill",
      "unicode": "e8fc",
      "unicode_decimal": 59644
    },
    {
      "icon_id": "1029982",
      "name": "computer",
      "font_class": "computer",
      "unicode": "e762",
      "unicode_decimal": 59234
    },
    {
      "icon_id": "1597522",
      "name": "dashboard_fill",
      "font_class": "dashboard_fill",
      "unicode": "e8fd",
      "unicode_decimal": 59645
    },
    {
      "icon_id": "1029983",
      "name": "cross",
      "font_class": "cross",
      "unicode": "e763",
      "unicode_decimal": 59235
    },
    {
      "icon_id": "1665033",
      "name": "send",
      "font_class": "send",
      "unicode": "e8fe",
      "unicode_decimal": 59646
    },
    {
      "icon_id": "1029984",
      "name": "dashboard",
      "font_class": "dashboard",
      "unicode": "e764",
      "unicode_decimal": 59236
    },
    {
      "icon_id": "1677403",
      "name": "rocket_fill",
      "font_class": "rocket_fill",
      "unicode": "e8ff",
      "unicode_decimal": 59647
    },
    {
      "icon_id": "1029986",
      "name": "delete",
      "font_class": "delete",
      "unicode": "e765",
      "unicode_decimal": 59237
    },
    {
      "icon_id": "1722674",
      "name": "schedule_fill",
      "font_class": "schedulefill",
      "unicode": "e900",
      "unicode_decimal": 59648
    },
    {
      "icon_id": "1029987",
      "name": "download",
      "font_class": "download",
      "unicode": "e766",
      "unicode_decimal": 59238
    },
    {
      "icon_id": "1722675",
      "name": "schedule",
      "font_class": "schedule",
      "unicode": "e901",
      "unicode_decimal": 59649
    },
    {
      "icon_id": "1030014",
      "name": "message",
      "font_class": "message",
      "unicode": "e768",
      "unicode_decimal": 59240
    },
    {
      "icon_id": "1792374",
      "name": "team_fill",
      "font_class": "team_fill",
      "unicode": "e902",
      "unicode_decimal": 59650
    },
    {
      "icon_id": "1030070",
      "name": "bars",
      "font_class": "bars",
      "unicode": "e76a",
      "unicode_decimal": 59242
    },
    {
      "icon_id": "1846828",
      "name": "move",
      "font_class": "move",
      "unicode": "e903",
      "unicode_decimal": 59651
    },
    {
      "icon_id": "1030072",
      "name": "hide",
      "font_class": "hide",
      "unicode": "e76b",
      "unicode_decimal": 59243
    },
    {
      "icon_id": "1857799",
      "name": "express_fill",
      "font_class": "express_fill",
      "unicode": "e904",
      "unicode_decimal": 59652
    },
    {
      "icon_id": "1030077",
      "name": "eye",
      "font_class": "eye1",
      "unicode": "e76c",
      "unicode_decimal": 59244
    },
    {
      "icon_id": "2423512",
      "name": "warranty",
      "font_class": "warranty",
      "unicode": "e905",
      "unicode_decimal": 59653
    },
    {
      "icon_id": "1040330",
      "name": "zoom in",
      "font_class": "zoomin",
      "unicode": "e76d",
      "unicode_decimal": 59245
    },
    {
      "icon_id": "2623334",
      "name": "tstar_3",
      "font_class": "tstar_",
      "unicode": "e906",
      "unicode_decimal": 59654
    },
    {
      "icon_id": "1040331",
      "name": "zoom out",
      "font_class": "zoomout",
      "unicode": "e76e",
      "unicode_decimal": 59246
    },
    {
      "icon_id": "2623335",
      "name": "tstar_2",
      "font_class": "tstar_1",
      "unicode": "e907",
      "unicode_decimal": 59655
    },
    {
      "icon_id": "1040363",
      "name": "ac rotate",
      "font_class": "acrotate",
      "unicode": "e770",
      "unicode_decimal": 59248
    },
    {
      "icon_id": "2623342",
      "name": "tstar_1",
      "font_class": "tstar_2",
      "unicode": "e908",
      "unicode_decimal": 59656
    },
    {
      "icon_id": "1040364",
      "name": "cw rotate",
      "font_class": "cwrotate",
      "unicode": "e771",
      "unicode_decimal": 59249
    },
    {
      "icon_id": "2630084",
      "name": "tstar_4",
      "font_class": "tstar_3",
      "unicode": "e909",
      "unicode_decimal": 59657
    },
    {
      "icon_id": "1043628",
      "name": "heart",
      "font_class": "heart",
      "unicode": "e772",
      "unicode_decimal": 59250
    },
    {
      "icon_id": "2745404",
      "name": "pay",
      "font_class": "pay",
      "unicode": "e90a",
      "unicode_decimal": 59658
    },
    {
      "icon_id": "1053868",
      "name": "like",
      "font_class": "like",
      "unicode": "e773",
      "unicode_decimal": 59251
    },
    {
      "icon_id": "2795605",
      "name": "wifi",
      "font_class": "wifi",
      "unicode": "e90b",
      "unicode_decimal": 59659
    },
    {
      "icon_id": "1053869",
      "name": "arrow_right",
      "font_class": "arrowright",
      "unicode": "e774",
      "unicode_decimal": 59252
    },
    {
      "icon_id": "3117331",
      "name": "customermanager",
      "font_class": "customermanager",
      "unicode": "e90c",
      "unicode_decimal": 59660
    },
    {
      "icon_id": "1053870",
      "name": "arrow_up",
      "font_class": "arrowup",
      "unicode": "e775",
      "unicode_decimal": 59253
    },
    {
      "icon_id": "3248884",
      "name": "drag",
      "font_class": "drag",
      "unicode": "e90d",
      "unicode_decimal": 59661
    },
    {
      "icon_id": "1053871",
      "name": "arrow down",
      "font_class": "arrowdown",
      "unicode": "e776",
      "unicode_decimal": 59254
    },
    {
      "icon_id": "3255781",
      "name": "enterprise",
      "font_class": "enterprise",
      "unicode": "e90e",
      "unicode_decimal": 59662
    },
    {
      "icon_id": "1053872",
      "name": "arrow_left",
      "font_class": "arrowleft",
      "unicode": "e777",
      "unicode_decimal": 59255
    },
    {
      "icon_id": "3255782",
      "name": "channel",
      "font_class": "channel",
      "unicode": "e90f",
      "unicode_decimal": 59663
    },
    {
      "icon_id": "1053873",
      "name": "favor_fill",
      "font_class": "favorfill",
      "unicode": "e778",
      "unicode_decimal": 59256
    },
    {
      "icon_id": "3958186",
      "name": "compass",
      "font_class": "compass",
      "unicode": "e910",
      "unicode_decimal": 59664
    },
    {
      "icon_id": "1053874",
      "name": "heart_fill",
      "font_class": "heartfill",
      "unicode": "e779",
      "unicode_decimal": 59257
    },
    {
      "icon_id": "3958187",
      "name": "database",
      "font_class": "database",
      "unicode": "e911",
      "unicode_decimal": 59665
    },
    {
      "icon_id": "1053875",
      "name": "dislike",
      "font_class": "dislike",
      "unicode": "e77a",
      "unicode_decimal": 59258
    },
    {
      "icon_id": "3958511",
      "name": "contacts",
      "font_class": "contacts",
      "unicode": "e912",
      "unicode_decimal": 59666
    },
    {
      "icon_id": "1053876",
      "name": "account",
      "font_class": "account",
      "unicode": "e77b",
      "unicode_decimal": 59259
    },
    {
      "icon_id": "3958514",
      "name": "key",
      "font_class": "key",
      "unicode": "e913",
      "unicode_decimal": 59667
    },
    {
      "icon_id": "1053877",
      "name": "menu off",
      "font_class": "menuoff",
      "unicode": "e77c",
      "unicode_decimal": 59260
    },
    {
      "icon_id": "3958515",
      "name": "global",
      "font_class": "global",
      "unicode": "e914",
      "unicode_decimal": 59668
    },
    {
      "icon_id": "1053878",
      "name": "menu on",
      "font_class": "menuon",
      "unicode": "e77d",
      "unicode_decimal": 59261
    },
    {
      "icon_id": "3958516",
      "name": "red-envelope",
      "font_class": "red-envelope",
      "unicode": "e915",
      "unicode_decimal": 59669
    },
    {
      "icon_id": "1053879",
      "name": "order select",
      "font_class": "orderselect",
      "unicode": "e77e",
      "unicode_decimal": 59262
    },
    {
      "icon_id": "3958517",
      "name": "layout",
      "font_class": "layout",
      "unicode": "e916",
      "unicode_decimal": 59670
    },
    {
      "icon_id": "1053880",
      "name": "order",
      "font_class": "order",
      "unicode": "e77f",
      "unicode_decimal": 59263
    },
    {
      "icon_id": "3958519",
      "name": "printer",
      "font_class": "printer",
      "unicode": "e917",
      "unicode_decimal": 59671
    },
    {
      "icon_id": "1053881",
      "name": "favor",
      "font_class": "favor",
      "unicode": "e780",
      "unicode_decimal": 59264
    },
    {
      "icon_id": "3958521",
      "name": "skin",
      "font_class": "skin",
      "unicode": "e918",
      "unicode_decimal": 59672
    },
    {
      "icon_id": "1053882",
      "name": "id input",
      "font_class": "idinput",
      "unicode": "e781",
      "unicode_decimal": 59265
    },
    {
      "icon_id": "3958522",
      "name": "table",
      "font_class": "table",
      "unicode": "e919",
      "unicode_decimal": 59673
    },
    {
      "icon_id": "1057207",
      "name": "rank",
      "font_class": "rank",
      "unicode": "e785",
      "unicode_decimal": 59269
    },
    {
      "icon_id": "3958523",
      "name": "wallet",
      "font_class": "wallet",
      "unicode": "e91a",
      "unicode_decimal": 59674
    },
    {
      "icon_id": "1057208",
      "name": "sort",
      "font_class": "sort",
      "unicode": "e786",
      "unicode_decimal": 59270
    },
    {
      "icon_id": "3959049",
      "name": "gift",
      "font_class": "gift",
      "unicode": "e91b",
      "unicode_decimal": 59675
    },
    {
      "icon_id": "1057265",
      "name": "automation",
      "font_class": "automation",
      "unicode": "e788",
      "unicode_decimal": 59272
    },
    {
      "icon_id": "3959050",
      "name": "car",
      "font_class": "car",
      "unicode": "e91c",
      "unicode_decimal": 59676
    },
    {
      "icon_id": "1061976",
      "name": "caret_down",
      "font_class": "caretdown",
      "unicode": "e789",
      "unicode_decimal": 59273
    },
    {
      "icon_id": "3959668",
      "name": "coffee",
      "font_class": "coffee",
      "unicode": "e91d",
      "unicode_decimal": 59677
    },
    {
      "icon_id": "1061977",
      "name": "caret_up",
      "font_class": "caretup",
      "unicode": "e78a",
      "unicode_decimal": 59274
    },
    {
      "icon_id": "7877364",
      "name": "case-o",
      "font_class": "case-o",
      "unicode": "e91e",
      "unicode_decimal": 59678
    },
    {
      "icon_id": "1072345",
      "name": "reload",
      "font_class": "reload",
      "unicode": "e78c",
      "unicode_decimal": 59276
    },
    {
      "icon_id": "7877366",
      "name": "order-o",
      "font_class": "order-o",
      "unicode": "e91f",
      "unicode_decimal": 59679
    },
    {
      "icon_id": "1109383",
      "name": "flag_fill",
      "font_class": "flagfill",
      "unicode": "e78d",
      "unicode_decimal": 59277
    },
    {
      "icon_id": "1109384",
      "name": "flag",
      "font_class": "flag",
      "unicode": "e78e",
      "unicode_decimal": 59278
    },
    {
      "icon_id": "1110395",
      "name": "call_in",
      "font_class": "callin",
      "unicode": "e78f",
      "unicode_decimal": 59279
    },
    {
      "icon_id": "1110396",
      "name": "call_out",
      "font_class": "callout",
      "unicode": "e790",
      "unicode_decimal": 59280
    },
    {
      "icon_id": "1110397",
      "name": "dial",
      "font_class": "dial",
      "unicode": "e791",
      "unicode_decimal": 59281
    },
    {
      "icon_id": "1120782",
      "name": "refund",
      "font_class": "refund",
      "unicode": "e792",
      "unicode_decimal": 59282
    },
    {
      "icon_id": "1125514",
      "name": "message_fill",
      "font_class": "messagefill",
      "unicode": "e793",
      "unicode_decimal": 59283
    },
    {
      "icon_id": "1125515",
      "name": "phone_fill",
      "font_class": "phonefill",
      "unicode": "e794",
      "unicode_decimal": 59284
    },
    {
      "icon_id": "1125597",
      "name": "phone",
      "font_class": "phone",
      "unicode": "e797",
      "unicode_decimal": 59287
    },
    {
      "icon_id": "1173579",
      "name": "clock_fill",
      "font_class": "clockfill",
      "unicode": "e798",
      "unicode_decimal": 59288
    },
    {
      "icon_id": "1173580",
      "name": "notification_fill",
      "font_class": "notificationfill",
      "unicode": "e799",
      "unicode_decimal": 59289
    },
    {
      "icon_id": "1196371",
      "name": "cut",
      "font_class": "cut",
      "unicode": "e79c",
      "unicode_decimal": 59292
    },
    {
      "icon_id": "1196476",
      "name": "book",
      "font_class": "book",
      "unicode": "e79d",
      "unicode_decimal": 59293
    },
    {
      "icon_id": "1227560",
      "name": "barrage",
      "font_class": "barrage",
      "unicode": "e79e",
      "unicode_decimal": 59294
    },
    {
      "icon_id": "1258156",
      "name": "male",
      "font_class": "male",
      "unicode": "e7a0",
      "unicode_decimal": 59296
    },
    {
      "icon_id": "1258157",
      "name": "female",
      "font_class": "female",
      "unicode": "e7a1",
      "unicode_decimal": 59297
    },
    {
      "icon_id": "1258435",
      "name": "expand",
      "font_class": "expand",
      "unicode": "e7a4",
      "unicode_decimal": 59300
    },
    {
      "icon_id": "1284210",
      "name": "refund",
      "font_class": "refund1",
      "unicode": "e7a6",
      "unicode_decimal": 59302
    },
    {
      "icon_id": "1328294",
      "name": "pie-chart",
      "font_class": "pie-chart",
      "unicode": "e7a7",
      "unicode_decimal": 59303
    },
    {
      "icon_id": "1351577",
      "name": "backspace",
      "font_class": "backspace",
      "unicode": "e7a9",
      "unicode_decimal": 59305
    },
    {
      "icon_id": "1425531",
      "name": "Invalid",
      "font_class": "Invalid",
      "unicode": "e7c0",
      "unicode_decimal": 59328
    },
    {
      "icon_id": "1425532",
      "name": "repeat",
      "font_class": "repeat",
      "unicode": "e7c1",
      "unicode_decimal": 59329
    },
    {
      "icon_id": "1425533",
      "name": "timeout",
      "font_class": "timeout",
      "unicode": "e7c2",
      "unicode_decimal": 59330
    },
    {
      "icon_id": "1425534",
      "name": "urged",
      "font_class": "urged",
      "unicode": "e7c3",
      "unicode_decimal": 59331
    },
    {
      "icon_id": "1425587",
      "name": "intervene",
      "font_class": "intervene",
      "unicode": "e7c4",
      "unicode_decimal": 59332
    },
    {
      "icon_id": "1428825",
      "name": "voice",
      "font_class": "voice",
      "unicode": "e7c5",
      "unicode_decimal": 59333
    },
    {
      "icon_id": "1469139",
      "name": "apple",
      "font_class": "apple",
      "unicode": "e83a",
      "unicode_decimal": 59450
    },
    {
      "icon_id": "1469140",
      "name": "appstore-o",
      "font_class": "appstore-o",
      "unicode": "e83b",
      "unicode_decimal": 59451
    },
    {
      "icon_id": "1469141",
      "name": "areachart",
      "font_class": "areachart",
      "unicode": "e83c",
      "unicode_decimal": 59452
    },
    {
      "icon_id": "1469142",
      "name": "apple-o",
      "font_class": "apple-o",
      "unicode": "e83d",
      "unicode_decimal": 59453
    },
    {
      "icon_id": "1469143",
      "name": "android",
      "font_class": "android",
      "unicode": "e83e",
      "unicode_decimal": 59454
    },
    {
      "icon_id": "1469146",
      "name": "appstore",
      "font_class": "appstore1",
      "unicode": "e83f",
      "unicode_decimal": 59455
    },
    {
      "icon_id": "1469149",
      "name": "arrowsalt",
      "font_class": "arrowsalt",
      "unicode": "e840",
      "unicode_decimal": 59456
    },
    {
      "icon_id": "1469150",
      "name": "banckward",
      "font_class": "banckward",
      "unicode": "e841",
      "unicode_decimal": 59457
    },
    {
      "icon_id": "1469151",
      "name": "bars",
      "font_class": "bars1",
      "unicode": "e842",
      "unicode_decimal": 59458
    },
    {
      "icon_id": "1469152",
      "name": "book",
      "font_class": "book1",
      "unicode": "e843",
      "unicode_decimal": 59459
    },
    {
      "icon_id": "1469153",
      "name": "barchart",
      "font_class": "barchart",
      "unicode": "e844",
      "unicode_decimal": 59460
    },
    {
      "icon_id": "1469155",
      "name": "calendar",
      "font_class": "calendar",
      "unicode": "e845",
      "unicode_decimal": 59461
    },
    {
      "icon_id": "1469156",
      "name": "camera-o",
      "font_class": "camera-o",
      "unicode": "e846",
      "unicode_decimal": 59462
    },
    {
      "icon_id": "1469157",
      "name": "caretleft",
      "font_class": "caretleft",
      "unicode": "e847",
      "unicode_decimal": 59463
    },
    {
      "icon_id": "1469158",
      "name": "caretdown",
      "font_class": "caretdown1",
      "unicode": "e848",
      "unicode_decimal": 59464
    },
    {
      "icon_id": "1469159",
      "name": "calculator",
      "font_class": "calculator",
      "unicode": "e849",
      "unicode_decimal": 59465
    },
    {
      "icon_id": "1469161",
      "name": "camera",
      "font_class": "camera",
      "unicode": "e84a",
      "unicode_decimal": 59466
    },
    {
      "icon_id": "1469162",
      "name": "caretright",
      "font_class": "caretright",
      "unicode": "e84b",
      "unicode_decimal": 59467
    },
    {
      "icon_id": "1469163",
      "name": "check-circle",
      "font_class": "check-circle",
      "unicode": "e84c",
      "unicode_decimal": 59468
    },
    {
      "icon_id": "1469164",
      "name": "caretup",
      "font_class": "caretup1",
      "unicode": "e84d",
      "unicode_decimal": 59469
    },
    {
      "icon_id": "1469165",
      "name": "check-circle-o",
      "font_class": "check-circle-o",
      "unicode": "e84e",
      "unicode_decimal": 59470
    },
    {
      "icon_id": "1469166",
      "name": "check-square",
      "font_class": "check-square",
      "unicode": "e84f",
      "unicode_decimal": 59471
    },
    {
      "icon_id": "1469167",
      "name": "check-square-o",
      "font_class": "check-square-o",
      "unicode": "e850",
      "unicode_decimal": 59472
    },
    {
      "icon_id": "1469168",
      "name": "circledown",
      "font_class": "circledown",
      "unicode": "e851",
      "unicode_decimal": 59473
    },
    {
      "icon_id": "1469169",
      "name": "chrome",
      "font_class": "chrome",
      "unicode": "e852",
      "unicode_decimal": 59474
    },
    {
      "icon_id": "1469170",
      "name": "check",
      "font_class": "check1",
      "unicode": "e853",
      "unicode_decimal": 59475
    },
    {
      "icon_id": "1469171",
      "name": "circledown-o",
      "font_class": "circledown-o",
      "unicode": "e854",
      "unicode_decimal": 59476
    },
    {
      "icon_id": "1469172",
      "name": "clock-circle",
      "font_class": "clock-circle",
      "unicode": "e855",
      "unicode_decimal": 59477
    },
    {
      "icon_id": "1469173",
      "name": "clock-circle-o",
      "font_class": "clock-circle-o",
      "unicode": "e856",
      "unicode_decimal": 59478
    },
    {
      "icon_id": "1469174",
      "name": "close-circle-o",
      "font_class": "close-circle-o",
      "unicode": "e857",
      "unicode_decimal": 59479
    },
    {
      "icon_id": "1469175",
      "name": "close-circle",
      "font_class": "close-circle",
      "unicode": "e858",
      "unicode_decimal": 59480
    },
    {
      "icon_id": "1469176",
      "name": "close-square-o",
      "font_class": "close-square-o",
      "unicode": "e859",
      "unicode_decimal": 59481
    },
    {
      "icon_id": "1469177",
      "name": "close-square",
      "font_class": "close-square",
      "unicode": "e85a",
      "unicode_decimal": 59482
    },
    {
      "icon_id": "1469179",
      "name": "close",
      "font_class": "close",
      "unicode": "e85b",
      "unicode_decimal": 59483
    },
    {
      "icon_id": "1469180",
      "name": "clouddownload-o",
      "font_class": "clouddownload-o",
      "unicode": "e85c",
      "unicode_decimal": 59484
    },
    {
      "icon_id": "1469182",
      "name": "clouddownload",
      "font_class": "clouddownload",
      "unicode": "e85d",
      "unicode_decimal": 59485
    },
    {
      "icon_id": "1469183",
      "name": "cloudupload-o",
      "font_class": "cloudupload-o",
      "unicode": "e85e",
      "unicode_decimal": 59486
    },
    {
      "icon_id": "1469184",
      "name": "cloudupload",
      "font_class": "cloudupload",
      "unicode": "e85f",
      "unicode_decimal": 59487
    },
    {
      "icon_id": "1469185",
      "name": "code-square-o",
      "font_class": "code-square-o",
      "unicode": "e860",
      "unicode_decimal": 59488
    },
    {
      "icon_id": "1469186",
      "name": "code-square",
      "font_class": "code-square",
      "unicode": "e861",
      "unicode_decimal": 59489
    },
    {
      "icon_id": "1469187",
      "name": "creditcard",
      "font_class": "creditcard",
      "unicode": "e862",
      "unicode_decimal": 59490
    },
    {
      "icon_id": "1469188",
      "name": "copy",
      "font_class": "copy",
      "unicode": "e863",
      "unicode_decimal": 59491
    },
    {
      "icon_id": "1469189",
      "name": "desktop",
      "font_class": "desktop",
      "unicode": "e864",
      "unicode_decimal": 59492
    },
    {
      "icon_id": "1469191",
      "name": "customerservice",
      "font_class": "customerservice",
      "unicode": "e866",
      "unicode_decimal": 59494
    },
    {
      "icon_id": "1469193",
      "name": "dislike_fill",
      "font_class": "dislike1",
      "unicode": "e867",
      "unicode_decimal": 59495
    },
    {
      "icon_id": "1469194",
      "name": "dotchart",
      "font_class": "dotchart",
      "unicode": "e868",
      "unicode_decimal": 59496
    },
    {
      "icon_id": "1469195",
      "name": "doubleleft",
      "font_class": "doubleleft",
      "unicode": "e869",
      "unicode_decimal": 59497
    },
    {
      "icon_id": "1469196",
      "name": "doubleright",
      "font_class": "doubleright",
      "unicode": "e86a",
      "unicode_decimal": 59498
    },
    {
      "icon_id": "1469197",
      "name": "down-circle-o",
      "font_class": "down-circle-o",
      "unicode": "e86b",
      "unicode_decimal": 59499
    },
    {
      "icon_id": "1469198",
      "name": "down-circle",
      "font_class": "down-circle",
      "unicode": "e86c",
      "unicode_decimal": 59500
    },
    {
      "icon_id": "1469199",
      "name": "down",
      "font_class": "down",
      "unicode": "e86d",
      "unicode_decimal": 59501
    },
    {
      "icon_id": "1469200",
      "name": "down-square-o",
      "font_class": "down-square-o",
      "unicode": "e86e",
      "unicode_decimal": 59502
    },
    {
      "icon_id": "1469201",
      "name": "down-square",
      "font_class": "down-square",
      "unicode": "e86f",
      "unicode_decimal": 59503
    },
    {
      "icon_id": "1469202",
      "name": "ellipsis",
      "font_class": "ellipsis1",
      "unicode": "e870",
      "unicode_decimal": 59504
    },
    {
      "icon_id": "1469203",
      "name": "download",
      "font_class": "download1",
      "unicode": "e871",
      "unicode_decimal": 59505
    },
    {
      "icon_id": "20885024",
      "name": "切换语言",
      "font_class": "lang",
      "unicode": "e66a",
      "unicode_decimal": 58986
    }
  ]
}
