<?xml version="1.0" encoding="UTF-8"?>
<!DOCTYPE mapper
        PUBLIC "-//mybatis.org//DTD Mapper 3.0//EN"
        "http://mybatis.org/dtd/mybatis-3-mapper.dtd">
<mapper namespace="com.example.cute_pet.mapper.ChatCommentMapper">

    <resultMap id="BaseResultMap" type="com.example.cute_pet.domain.ChatComment">
            <id property="id" column="id" jdbcType="INTEGER"/>
            <result property="chatId" column="chat_id" jdbcType="INTEGER"/>
            <result property="userId" column="user_id" jdbcType="INTEGER"/>
            <result property="content" column="content" jdbcType="VARCHAR"/>
            <result property="createTime" column="create_time" jdbcType="TIMESTAMP"/>
            <result property="type" column="type" jdbcType="INTEGER"/>
            <result property="isLatest" column="is_latest" jdbcType="INTEGER"/>
    </resultMap>

    <sql id="Base_Column_List">
        id,chat_id,user_id,
        content,create_time,type,
        is_latest
    </sql>
</mapper>
