<?xml version="1.0" encoding="UTF-8"?>
<!DOCTYPE mapper
        PUBLIC "-//mybatis.org//DTD Mapper 3.0//EN"
        "http://mybatis.org/dtd/mybatis-3-mapper.dtd">
<mapper namespace="com.example.cute_pet.mapper.ChatListMapper">

    <resultMap id="BaseResultMap" type="com.example.cute_pet.domain.ChatList">
            <id property="id" column="id" jdbcType="INTEGER"/>
            <result property="chatId" column="chat_id" jdbcType="INTEGER"/>
            <result property="userId" column="user_id" jdbcType="INTEGER"/>
            <result property="anotherId" column="another_id" jdbcType="INTEGER"/>
            <result property="unread" column="unread" jdbcType="INTEGER"/>
            <result property="status" column="status" jdbcType="INTEGER"/>
            <result property="isOnline" column="is_online" jdbcType="INTEGER"/>
    </resultMap>

    <sql id="Base_Column_List">
        id,chat_id,user_id,
        another_id,unread,status,
        is_online
    </sql>
</mapper>
