<?xml version="1.0" encoding="UTF-8"?>
<!DOCTYPE mapper
        PUBLIC "-//mybatis.org//DTD Mapper 3.0//EN"
        "http://mybatis.org/dtd/mybatis-3-mapper.dtd">
<mapper namespace="com.example.cute_pet.mapper.UserMapper">

    <resultMap id="BaseResultMap" type="com.example.cute_pet.domain.User">
            <id property="id" column="id" jdbcType="INTEGER"/>
            <result property="nickname" column="nickname" jdbcType="VARCHAR"/>
            <result property="pic" column="pic" jdbcType="VARCHAR"/>
            <result property="sex" column="sex" jdbcType="VARCHAR"/>
            <result property="phone" column="phone" jdbcType="VARCHAR"/>
            <result property="password" column="password" jdbcType="VARCHAR"/>
            <result property="role" column="role" jdbcType="VARCHAR"/>
            <result property="status" column="status" jdbcType="INTEGER"/>
            <result property="createTime" column="create_time" jdbcType="TIMESTAMP"/>
    </resultMap>

    <sql id="Base_Column_List">
        id,nickname,pic,
        sex,phone,password,
        role,status,create_time
    </sql>
</mapper>
