{
	"pages": [ //pages数组中第一项表示应用启动页，参考：https://uniapp.dcloud.io/collocation/pages
		{
			"path": "pages/index/index",
			"style": {
				"navigationStyle": "custom",
				"navigationBarTextStyle": "white",
				"navigationBarTitleText": "首页"
			}
		},
		{
			"path": "pages/login/login",
			"style": {
				"navigationBarTitleText": "登录",
				"enablePullDownRefresh": false,
				"navigationStyle": "custom"
			}
		},
		{
			"path": "pages/mine/mine",
			"style": {
				"navigationBarTitleText": "我的",
				"enablePullDownRefresh": false,
				"navigationStyle": "custom"
			}
		},
		{
			"path": "pages/inform/inform",
			"style": {
				"navigationBarTitleText": "消息",
				"enablePullDownRefresh": false,
				"navigationStyle": "custom"
			}
		},
		{
			"path": "pages/topic/topic",
			"style": {
				"navigationBarTitleText": "话题",
				"enablePullDownRefresh": false,
				"navigationStyle": "custom"
			}
		},
		{
			"path" : "pages/mine/PetHomePage/PetHomePage",
			"style" : 
			{
				"navigationBarTitleText" : "宠物主页",
				"enablePullDownRefresh" : false
			}
		},
		{
			"path" : "pages/mine/PetEditor/PetEditor",
			"style" : 
			{
				"navigationBarTitleText" : "编辑宠物",
				"enablePullDownRefresh" : false,
				"navigationStyle": "custom"
			}
		},
		{
			"path" : "pages/mine/PetVariety/PetVariety",
			"style" : 
			{
				"navigationBarTitleText" : "选择宠物品种",
				"enablePullDownRefresh" : false
			}
		},
		{
			"path" : "pages/topic/AddTopic/AddTopic",
			"style" : 
			{
				"navigationBarTitleText" : "发布话题",
				"enablePullDownRefresh" : false
			}
		},
		{
			"path" : "pages/topic/TopicDetails/TopicDetails",
			"style" : 
			{
				"navigationBarTitleText" : "话题详情",
				"enablePullDownRefresh" : false
			}
		},
		{
			"path" : "pages/inform/Dialogue/Dialogue",
			"style" : 
			{
				"navigationBarTitleText" : "对话页",
				"enablePullDownRefresh" : false
				
			}
		},
		{
			"path" : "pages/inform/Message/Message",
			"style" : 
			{
				"navigationBarTitleText" : "",
				"enablePullDownRefresh" : false
			}
		},
		{
			"path" : "pages/mine/UserEditor/UserEditor",
			"style" : 
			{
				"navigationBarTitleText" : "用户主页",
				"enablePullDownRefresh" : false
			}
		},
		{
			"path" : "pages/mine/UserHome/UserHome",
			"style" : 
			{
				"navigationBarTitleText" : "用户主页",
				"enablePullDownRefresh" : false
			}
		}
	],
	"globalStyle": {
		"navigationBarTextStyle": "black",
		"navigationBarTitleText": "uni-app",
		"navigationBarBackgroundColor": "#F8F8F8",
		"backgroundColor": "#F8F8F8"
	},
	"uniIdRouter": {},
	"tabBar": {
		"color": "#7A7E83",
		"selectedColor": "#3cc51f",
		"borderStyle": "black",
		"backgroundColor": "#ffffff",
		"list": [{
			"pagePath": "pages/index/index",
			"iconPath": "static/image/tabbar/首页.png",
			"selectedIconPath": "static/image/tabbar/首页_seletc.png",
			"text": "首页"
		}, {
			"pagePath": "pages/topic/topic",
			"iconPath": "static/image/tabbar/宠圈.png",
			"selectedIconPath": "static/image/tabbar/宠圈_select.png",
			"text": "话题"
		},
		{
			"pagePath": "pages/inform/inform",
			"iconPath": "static/image/tabbar/提醒.png",
			"selectedIconPath": "static/image/tabbar/提醒_seletc.png",
			"text": "消息"
		},
		{
			"pagePath": "pages/mine/mine",
			"iconPath": "static/image/tabbar/wode.png",
			"selectedIconPath": "static/image/tabbar/wode_seletc.png",
			"text": "我的"
		}]
	}
}